session,date
15-1-1-1,19/12/2022
15-1-1-2,20/12/2022
15-2-1-1,13/2/2023
15-2-1-2,14/2/2023
15-2-1-3,15/2/2023
15-2-1-4,16/2/2023
15-2-1-5,20/2/2023
15-2-1-6,21/2/2023
15-2-1-7,22/2/2023
15-2-1-8,23/2/2023
15-2-1-9,24/2/2023
15-2-1-10,27/2/2023
15-2-1-11,28/2/2023
15-2-1-12,1/3/2023
15-2-1-13,2/3/2023
15-2-1-14,6/3/2023
15-2-1-15,7/3/2023
15-2-1-16,8/3/2023
15-2-1-17,9/3/2023
15-2-1-18,13/3/2023
15-2-1-19,14/3/2023
15-2-1-20,15/3/2023
15-2-1-21,16/3/2023
15-2-1-22,20/3/2023
15-2-1-23,21/3/2023
15-2-1-24,22/3/2023
15-2-1-25,23/3/2023
15-2-1-26,27/3/2023
15-2-1-27,28/3/2023
15-2-1-28,29/3/2023
15-2-1-29,30/3/2023
15-2-1-30,3/4/2023
15-2-1-31,4/4/2023
